source,column,row_count,available,missing_count,missing_pct,conversion_failures,minimum,maximum,zero_count,negative_count,future_year_count,q1,q3,iqr,below_iqr_count,above_iqr_count
audi.csv,year,10668,yes,0,0.0,0,1997.0,2020.0,0,0,0,2016.0,2019.0,3.0,170,0
audi.csv,price,10668,yes,0,0.0,0,1490.0,145000.0,0,0,0,15130.75,27990.0,12859.25,0,443
audi.csv,mileage,10668,yes,0,0.0,0,1.0,323000.0,0,0,0,5968.75,36464.5,30495.75,0,324
audi.csv,tax,10668,yes,0,0.0,0,0.0,580.0,536,0,0,125.0,145.0,20.0,2368,919
audi.csv,mpg,10668,yes,0,0.0,0,18.9,188.3,0,0,0,40.9,58.9,18.0,0,33
audi.csv,engine_size,10668,yes,0,0.0,0,0.0,6.3,57,0,0,1.5,2.0,0.5,57,1408
bmw.csv,year,10781,yes,0,0.0,0,1996.0,2020.0,0,0,0,2016.0,2019.0,3.0,213,0
bmw.csv,price,10781,yes,0,0.0,0,1200.0,123456.0,0,0,0,14950.0,27940.0,12990.0,0,484
bmw.csv,mileage,10781,yes,0,0.0,0,1.0,214000.0,0,0,0,5529.0,38206.0,32677.0,0,296
bmw.csv,tax,10781,yes,0,0.0,0,0.0,580.0,340,0,0,135.0,145.0,10.0,1815,918
bmw.csv,mpg,10781,yes,0,0.0,0,5.5,470.8,0,0,0,45.6,62.8,17.199999999999996,15,260
bmw.csv,engine_size,10781,yes,0,0.0,0,0.0,6.6,47,0,0,2.0,2.0,0.0,1632,2574
ford.csv,year,17965,yes,0,0.0,0,1996.0,2060.0,0,0,1,2016.0,2018.0,2.0,498,1
ford.csv,price,17965,yes,0,0.0,0,495.0,54995.0,0,0,0,8999.0,15299.0,6300.0,0,286
ford.csv,mileage,17965,yes,0,0.0,0,1.0,177644.0,0,0,0,9987.0,31064.0,21077.0,0,878
ford.csv,tax,17965,yes,0,0.0,0,0.0,580.0,2153,0,0,30.0,145.0,115.0,0,20
ford.csv,mpg,17965,yes,0,0.0,0,20.8,201.8,0,0,0,52.3,65.7,13.400000000000006,127,89
ford.csv,engine_size,17965,yes,0,0.0,0,0.0,5.0,51,0,0,1.0,1.5,0.5,51,139
hyundi.csv,year,4860,yes,0,0.0,0,2000.0,2020.0,0,0,0,2016.0,2019.0,3.0,74,0
hyundi.csv,price,4860,yes,0,0.0,0,1200.0,92000.0,0,0,0,8000.0,15733.75,7733.75,0,119
hyundi.csv,mileage,4860,yes,0,0.0,0,1.0,138000.0,0,0,0,8339.25,30967.0,22627.75,0,123
hyundi.csv,tax,4860,yes,0,0.0,0,0.0,555.0,136,0,0,125.0,145.0,20.0,1117,253
hyundi.csv,mpg,4860,yes,0,0.0,0,1.1,256.8,0,0,0,44.8,60.1,15.300000000000004,4,3
hyundi.csv,engine_size,4860,yes,0,0.0,0,0.0,2.9,47,0,0,1.2,1.7,0.5,47,116
merc.csv,year,13119,yes,0,0.0,0,1970.0,2020.0,0,0,0,2016.0,2019.0,3.0,197,0
merc.csv,price,13119,yes,0,0.0,0,650.0,159999.0,0,0,0,17450.0,28980.0,11530.0,0,653
merc.csv,mileage,13119,yes,0,0.0,0,1.0,259000.0,0,0,0,6097.5,31779.5,25682.0,0,443
merc.csv,tax,13119,yes,0,0.0,0,0.0,580.0,172,0,0,125.0,145.0,20.0,2414,874
merc.csv,mpg,13119,yes,0,0.0,0,1.1,217.3,0,0,0,45.6,64.2,18.6,5,124
merc.csv,engine_size,13119,yes,0,0.0,0,0.0,6.2,12,0,0,1.8,2.1,0.30000000000000004,728,1802
skoda.csv,year,6267,yes,0,0.0,0,2004.0,2020.0,0,0,0,2017.0,2019.0,2.0,156,0
skoda.csv,price,6267,yes,0,0.0,0,995.0,91874.0,0,0,0,9495.0,17990.0,8495.0,0,104
skoda.csv,mileage,6267,yes,0,0.0,0,5.0,300000.0,0,0,0,5812.5,28000.0,22187.5,0,236
skoda.csv,tax,6267,yes,0,0.0,0,0.0,325.0,217,0,0,125.0,145.0,20.0,1392,57
skoda.csv,mpg,6267,yes,0,0.0,0,30.1,201.8,0,0,0,50.4,62.8,12.399999999999999,49,24
skoda.csv,engine_size,6267,yes,0,0.0,0,0.0,2.5,5,0,0,1.0,2.0,1.0,0,0
toyota.csv,year,6738,yes,0,0.0,0,1998.0,2020.0,0,0,0,2016.0,2018.0,2.0,212,0
toyota.csv,price,6738,yes,0,0.0,0,850.0,59995.0,0,0,0,8290.0,14995.0,6705.0,0,258
toyota.csv,mileage,6738,yes,0,0.0,0,2.0,174419.0,0,0,0,9446.0,31063.75,21617.75,0,269
toyota.csv,tax,6738,yes,0,0.0,0,0.0,565.0,1790,0,0,0.0,145.0,145.0,0,3
toyota.csv,mpg,6738,yes,0,0.0,0,2.8,235.0,0,0,0,55.4,69.0,13.600000000000001,110,98
toyota.csv,engine_size,6738,yes,0,0.0,0,0.0,4.5,6,0,0,1.0,1.8,0.8,0,2
vauxhall.csv,year,13632,yes,0,0.0,0,1970.0,2020.0,0,0,0,2016.0,2019.0,3.0,272,0
vauxhall.csv,price,13632,yes,0,0.0,0,450.0,52489.0,0,0,0,7899.0,12580.75,4681.75,7,163
vauxhall.csv,mileage,13632,yes,0,0.0,0,1.0,279000.0,0,0,0,9673.75,32308.25,22634.5,0,535
vauxhall.csv,tax,13632,yes,0,0.0,0,0.0,565.0,360,0,0,125.0,145.0,20.0,2364,1221
vauxhall.csv,mpg,13632,yes,0,0.0,0,25.9,235.4,0,0,0,43.5,55.4,11.899999999999999,0,453
vauxhall.csv,engine_size,13632,yes,0,0.0,0,0.0,3.2,33,0,0,1.4,1.5,0.10000000000000009,2781,879
vw.csv,year,15157,yes,0,0.0,0,2000.0,2020.0,0,0,0,2016.0,2019.0,3.0,211,0
vw.csv,price,15157,yes,0,0.0,0,899.0,69994.0,0,0,0,10990.0,20998.0,10008.0,0,318
vw.csv,mileage,15157,yes,0,0.0,0,1.0,212000.0,0,0,0,5962.0,31824.0,25862.0,0,547
vw.csv,tax,15157,yes,0,0.0,0,0.0,580.0,590,0,0,30.0,145.0,115.0,0,29
vw.csv,mpg,15157,yes,0,0.0,0,0.3,188.3,0,0,0,46.3,60.1,13.800000000000004,9,158
vw.csv,engine_size,15157,yes,0,0.0,0,0.0,3.2,15,0,0,1.2,2.0,0.8,0,0
cclass.csv,year,3899,yes,0,0.0,0,1991.0,2020.0,0,0,0,2016.0,2019.0,3.0,64,0
cclass.csv,price,3899,yes,0,0.0,0,1290.0,88995.0,0,0,0,17690.0,28900.0,11210.0,0,80
cclass.csv,mileage,3899,yes,0,0.0,0,1.0,173000.0,0,0,0,6000.0,32458.5,26458.5,0,157
cclass.csv,tax,3899,no,3899,100.0,0,,,0,0,0,,,,0,0
cclass.csv,mpg,3899,no,3899,100.0,0,,,0,0,0,,,,0,0
cclass.csv,engine_size,3899,yes,0,0.0,0,0.0,6.2,1,0,0,2.0,2.1,0.10000000000000009,860,281
focus.csv,year,5454,yes,0,0.0,0,2002.0,2020.0,0,0,0,2016.0,2019.0,3.0,145,0
focus.csv,price,5454,yes,0,0.0,0,495.0,54995.0,0,0,0,10489.25,16987.25,6498.0,2,70
focus.csv,mileage,5454,yes,0,0.0,0,1.0,177644.0,0,0,0,9137.0,30000.0,20863.0,0,342
focus.csv,tax,5454,no,5454,100.0,0,,,0,0,0,,,,0,0
focus.csv,mpg,5454,no,5454,100.0,0,,,0,0,0,,,,0,0
focus.csv,engine_size,5454,yes,0,0.0,0,0.0,2.5,12,0,0,1.0,1.6,0.6000000000000001,12,0
canonical_candidate_combined,year,99187,yes,0,0.0,0,1970.0,2060.0,0,0,1,2016.0,2019.0,3.0,1736,1
canonical_candidate_combined,price,99187,yes,0,0.0,0,450.0,159999.0,0,0,0,9999.0,20870.0,10871.0,0,3669
canonical_candidate_combined,mileage,99187,yes,0,0.0,0,1.0,323000.0,0,0,0,7425.0,32339.0,24914.0,0,3902
canonical_candidate_combined,tax,99187,yes,0,0.0,0,0.0,580.0,6294,0,0,125.0,145.0,20.0,23144,5671
canonical_candidate_combined,mpg,99187,yes,0,0.0,0,0.3,470.8,0,0,0,47.1,62.8,15.699999999999996,187,752
canonical_candidate_combined,engine_size,99187,yes,0,0.0,0,0.0,6.6,273,0,0,1.2,2.0,0.8,0,650
